-- ============================================================
-- SEED DATA — The Club by Sarah Restrick
-- ============================================================

-- 1. UPDATE PROFILES with full details
UPDATE public.profiles SET company_name = 'Richardson Properties', job_title = 'Managing Director', phone = '+44 7700 900101', bio = 'Property developer specialising in luxury residential conversions across the North of England.' WHERE id = '10000000-0000-4000-a000-000000000001';
UPDATE public.profiles SET company_name = 'TechBridge Solutions', job_title = 'Founder & CTO', phone = '+44 7700 900102', bio = 'Building enterprise SaaS platforms that bridge legacy systems with modern cloud infrastructure.' WHERE id = '10000000-0000-4000-a000-000000000002';
UPDATE public.profiles SET company_name = 'Luxe Jewels London', job_title = 'Creative Director', phone = '+44 7700 900103', bio = 'Third-generation jeweller creating bespoke fine jewellery for private clients and luxury retailers.' WHERE id = '10000000-0000-4000-a000-000000000003';
UPDATE public.profiles SET company_name = 'Whitfield Legal', job_title = 'Senior Partner', phone = '+44 7700 900104', bio = 'Corporate and commercial law specialist advising high-growth businesses on M&A and investment rounds.' WHERE id = '10000000-0000-4000-a000-000000000004';
UPDATE public.profiles SET company_name = 'Bloom Agency', job_title = 'Founder', phone = '+44 7700 900105', bio = 'Award-winning brand strategist helping luxury and lifestyle brands find their voice.' WHERE id = '10000000-0000-4000-a000-000000000005';
UPDATE public.profiles SET company_name = 'Hart Security Group', job_title = 'CEO', phone = '+44 7700 900106', bio = 'Providing bespoke security solutions for high-net-worth individuals and corporate clients.' WHERE id = '10000000-0000-4000-a000-000000000006';
UPDATE public.profiles SET company_name = 'The Thornton Collection', job_title = 'Founder & CEO', phone = '+44 7700 900107', bio = 'Boutique hospitality group operating three luxury hotels and a private members dining club.' WHERE id = '10000000-0000-4000-a000-000000000007';
UPDATE public.profiles SET company_name = 'KingstonAI', job_title = 'Founder', phone = '+44 7700 900108', bio = 'AI researcher turned entrepreneur, building intelligent automation tools for SMEs.' WHERE id = '10000000-0000-4000-a000-000000000008';
UPDATE public.profiles SET company_name = 'Wright Wellness', job_title = 'Managing Director', phone = '+44 7700 900109', bio = 'Operating a chain of premium wellness clinics across Yorkshire and Lancashire.' WHERE id = '10000000-0000-4000-a000-000000000009';
UPDATE public.profiles SET company_name = 'Morrison Build', job_title = 'Director', phone = '+44 7700 900110', bio = 'Family-run construction firm delivering high-end residential and commercial projects.' WHERE id = '10000000-0000-4000-a000-000000000010';
UPDATE public.profiles SET company_name = 'Cooper & Co Fashion', job_title = 'Creative Director', phone = '+44 7700 900111', bio = 'Contemporary womenswear designer stocked in Selfridges, Harvey Nichols, and NET-A-PORTER.' WHERE id = '10000000-0000-4000-a000-000000000011';
UPDATE public.profiles SET company_name = 'Reid Capital Partners', job_title = 'Managing Partner', phone = '+44 7700 900112', bio = 'Private equity firm focused on growth-stage investments in UK consumer and tech businesses.' WHERE id = '10000000-0000-4000-a000-000000000012';
UPDATE public.profiles SET company_name = 'Marshall Digital', job_title = 'CEO', phone = '+44 7700 900113', bio = 'Full-service digital marketing agency specialising in SEO, PPC, and social media for premium brands.' WHERE id = '10000000-0000-4000-a000-000000000013';
UPDATE public.profiles SET company_name = 'Velocity Ventures', job_title = 'General Partner', phone = '+44 7700 900114', bio = 'Early-stage venture capital investor backing ambitious founders in fintech and healthtech.' WHERE id = '10000000-0000-4000-a000-000000000014';
UPDATE public.profiles SET company_name = 'Wanderlux Travel', job_title = 'Founder', phone = '+44 7700 900115', bio = 'Curating bespoke luxury travel experiences for discerning private clients worldwide.' WHERE id = '10000000-0000-4000-a000-000000000015';
UPDATE public.profiles SET company_name = 'Carter Robotics', job_title = 'CEO & Co-Founder', phone = '+44 7700 900116', bio = 'Developing robotic automation solutions for warehousing and logistics.' WHERE id = '10000000-0000-4000-a000-000000000016';
UPDATE public.profiles SET company_name = 'Mitchell & Grey Interiors', job_title = 'Principal Designer', phone = '+44 7700 900117', bio = 'Award-winning interior design studio creating spaces for luxury residential and boutique hotel clients.' WHERE id = '10000000-0000-4000-a000-000000000017';
UPDATE public.profiles SET company_name = 'Walker Financial Group', job_title = 'Chairman', phone = '+44 7700 900118', bio = 'Independent financial advisory firm managing portfolios for HNW families and charitable trusts.' WHERE id = '10000000-0000-4000-a000-000000000018';
UPDATE public.profiles SET company_name = 'Hughes & Hart PR', job_title = 'Co-Founder', phone = '+44 7700 900119', bio = 'Strategic communications consultancy for luxury brands, celebrities, and high-profile entrepreneurs.' WHERE id = '10000000-0000-4000-a000-000000000019';
UPDATE public.profiles SET company_name = 'Price Development Group', job_title = 'Managing Director', phone = '+44 7700 900120', bio = 'Mixed-use property developer with a focus on regeneration projects in Manchester and Leeds.' WHERE id = '10000000-0000-4000-a000-000000000020';
UPDATE public.profiles SET company_name = 'The Bennett Kitchen', job_title = 'Founder & Head Chef', phone = '+44 7700 900121', bio = 'Award-winning chef running a destination restaurant and private dining experiences.' WHERE id = '10000000-0000-4000-a000-000000000021';
UPDATE public.profiles SET company_name = 'Turner Automotive', job_title = 'Director', phone = '+44 7700 900122', bio = 'Specialist dealer in prestige and performance vehicles across the North West.' WHERE id = '10000000-0000-4000-a000-000000000022';
UPDATE public.profiles SET company_name = 'Davies & Partners Consulting', job_title = 'Managing Consultant', phone = '+44 7700 900123', bio = 'Management consultancy helping mid-market businesses scale through operational excellence.' WHERE id = '10000000-0000-4000-a000-000000000023';
UPDATE public.profiles SET company_name = 'PhillipsTech', job_title = 'CTO', phone = '+44 7700 900124', bio = 'Software engineering consultancy building custom platforms for fintech and proptech clients.' WHERE id = '10000000-0000-4000-a000-000000000024';
UPDATE public.profiles SET company_name = 'Foster & Flow', job_title = 'Founder', phone = '+44 7700 900125', bio = 'Holistic wellness brand offering retreats, coaching, and corporate wellbeing programmes.' WHERE id = '10000000-0000-4000-a000-000000000025';
UPDATE public.profiles SET company_name = 'Collins Media Group', job_title = 'CEO', phone = '+44 7700 900126', bio = 'Digital media company producing content and campaigns for global lifestyle brands.' WHERE id = '10000000-0000-4000-a000-000000000026';
UPDATE public.profiles SET company_name = 'Morgan Fine Jewellery', job_title = 'Designer & Owner', phone = '+44 7700 900127', bio = 'Independent fine jewellery designer known for ethically sourced gemstones and modern Art Deco pieces.' WHERE id = '10000000-0000-4000-a000-000000000027';
UPDATE public.profiles SET company_name = 'Edwards Property Partners', job_title = 'Founding Partner', phone = '+44 7700 900128', bio = 'Commercial property investment and asset management across Northern England.' WHERE id = '10000000-0000-4000-a000-000000000028';

-- 2. INSERT MEMBERS
INSERT INTO public.members (id, profile_id, membership_type, membership_tier, membership_status, company_name, company_description, company_website, membership_start_date, monthly_intro_quota, intros_used_this_month, created_at) VALUES
  ('30000000-0000-4000-a000-000000000001', '10000000-0000-4000-a000-000000000001', 'business', 'tier_2', 'active', 'Richardson Properties', 'Luxury residential property development', 'https://richardsonproperties.co.uk', '2025-09-15', 5, 2, now() - interval '5 months'),
  ('30000000-0000-4000-a000-000000000002', '10000000-0000-4000-a000-000000000002', 'individual', 'tier_1', 'active', 'TechBridge Solutions', 'Enterprise SaaS platforms', 'https://techbridge.io', '2025-11-01', 3, 1, now() - interval '3 months'),
  ('30000000-0000-4000-a000-000000000003', '10000000-0000-4000-a000-000000000003', 'business', 'tier_3', 'active', 'Luxe Jewels London', 'Bespoke fine jewellery', 'https://luxejewels.com', '2025-06-01', 8, 3, now() - interval '8 months'),
  ('30000000-0000-4000-a000-000000000004', '10000000-0000-4000-a000-000000000004', 'business', 'tier_2', 'active', 'Whitfield Legal', 'Corporate and commercial law', 'https://whitfieldlegal.co.uk', '2025-08-20', 5, 1, now() - interval '6 months'),
  ('30000000-0000-4000-a000-000000000005', '10000000-0000-4000-a000-000000000005', 'individual', 'tier_1', 'active', 'Bloom Agency', 'Brand strategy and creative', 'https://bloomagency.co', '2025-12-10', 3, 0, now() - interval '2 months'),
  ('30000000-0000-4000-a000-000000000006', '10000000-0000-4000-a000-000000000006', 'business', 'tier_2', 'active', 'Hart Security Group', 'Bespoke security solutions', 'https://hartsecurity.com', '2025-07-05', 5, 2, now() - interval '7 months'),
  ('30000000-0000-4000-a000-000000000007', '10000000-0000-4000-a000-000000000007', 'business', 'tier_3', 'active', 'The Thornton Collection', 'Boutique hospitality group', 'https://thorntoncollection.com', '2025-05-15', 8, 4, now() - interval '9 months'),
  ('30000000-0000-4000-a000-000000000008', '10000000-0000-4000-a000-000000000008', 'individual', 'tier_1', 'active', 'KingstonAI', 'AI automation for SMEs', 'https://kingstonai.co.uk', '2025-10-20', 3, 1, now() - interval '4 months'),
  ('30000000-0000-4000-a000-000000000009', '10000000-0000-4000-a000-000000000009', 'business', 'tier_2', 'active', 'Wright Wellness', 'Premium wellness clinics', 'https://wrightwellness.co.uk', '2025-09-01', 5, 1, now() - interval '5 months'),
  ('30000000-0000-4000-a000-000000000010', '10000000-0000-4000-a000-000000000010', 'business', 'tier_2', 'active', 'Morrison Build', 'High-end construction', 'https://morrisonbuild.co.uk', '2025-08-10', 5, 0, now() - interval '6 months'),
  ('30000000-0000-4000-a000-000000000011', '10000000-0000-4000-a000-000000000011', 'individual', 'tier_1', 'active', 'Cooper & Co Fashion', 'Contemporary womenswear', 'https://cooperfashion.com', '2026-01-05', 3, 2, now() - interval '6 weeks'),
  ('30000000-0000-4000-a000-000000000012', '10000000-0000-4000-a000-000000000012', 'business', 'tier_3', 'active', 'Reid Capital Partners', 'Private equity firm', 'https://reidcapital.co.uk', '2025-04-01', 8, 5, now() - interval '10 months'),
  ('30000000-0000-4000-a000-000000000013', '10000000-0000-4000-a000-000000000013', 'individual', 'tier_1', 'active', 'Marshall Digital', 'Digital marketing agency', 'https://marshalldigital.co.uk', '2025-11-15', 3, 1, now() - interval '3 months'),
  ('30000000-0000-4000-a000-000000000014', '10000000-0000-4000-a000-000000000014', 'individual', 'tier_2', 'active', 'Velocity Ventures', 'Early-stage venture capital', 'https://velocityventures.co', '2025-07-20', 5, 3, now() - interval '7 months'),
  ('30000000-0000-4000-a000-000000000015', '10000000-0000-4000-a000-000000000015', 'individual', 'tier_1', 'active', 'Wanderlux Travel', 'Luxury travel curation', 'https://wanderlux.co.uk', '2025-12-01', 3, 0, now() - interval '2 months'),
  ('30000000-0000-4000-a000-000000000016', '10000000-0000-4000-a000-000000000016', 'business', 'tier_2', 'active', 'Carter Robotics', 'Warehouse automation', 'https://carterrobotics.com', '2025-10-01', 5, 2, now() - interval '4 months'),
  ('30000000-0000-4000-a000-000000000017', '10000000-0000-4000-a000-000000000017', 'individual', 'tier_1', 'active', 'Mitchell & Grey Interiors', 'Luxury interior design', 'https://mitchellgrey.co.uk', '2026-01-20', 3, 0, now() - interval '4 weeks'),
  ('30000000-0000-4000-a000-000000000018', '10000000-0000-4000-a000-000000000018', 'business', 'tier_3', 'active', 'Walker Financial Group', 'Independent financial advisory', 'https://walkerfinancial.co.uk', '2025-03-10', 8, 2, now() - interval '11 months'),
  ('30000000-0000-4000-a000-000000000019', '10000000-0000-4000-a000-000000000019', 'individual', 'tier_1', 'active', 'Hughes & Hart PR', 'Strategic communications', 'https://hugheshart.co.uk', '2025-11-20', 3, 1, now() - interval '3 months'),
  ('30000000-0000-4000-a000-000000000020', '10000000-0000-4000-a000-000000000020', 'business', 'tier_2', 'active', 'Price Development Group', 'Mixed-use property', 'https://pricedevelopment.co.uk', '2025-06-15', 5, 1, now() - interval '8 months'),
  ('30000000-0000-4000-a000-000000000021', '10000000-0000-4000-a000-000000000021', 'individual', 'tier_1', 'active', 'The Bennett Kitchen', 'Restaurant and private dining', 'https://bennettkitchen.co.uk', '2025-10-10', 3, 1, now() - interval '4 months'),
  ('30000000-0000-4000-a000-000000000022', '10000000-0000-4000-a000-000000000022', 'business', 'tier_2', 'active', 'Turner Automotive', 'Prestige car dealership', 'https://turnerautomotive.co.uk', '2025-09-25', 5, 0, now() - interval '5 months'),
  ('30000000-0000-4000-a000-000000000023', '10000000-0000-4000-a000-000000000023', 'individual', 'tier_1', 'pending', 'Davies & Partners Consulting', 'Management consultancy', 'https://daviespartners.co.uk', '2026-02-10', 3, 0, now() - interval '6 days'),
  ('30000000-0000-4000-a000-000000000024', '10000000-0000-4000-a000-000000000024', 'business', 'tier_2', 'active', 'PhillipsTech', 'Software engineering consultancy', 'https://phillipstech.co.uk', '2025-08-01', 5, 2, now() - interval '6 months'),
  ('30000000-0000-4000-a000-000000000025', '10000000-0000-4000-a000-000000000025', 'individual', 'tier_1', 'active', 'Foster & Flow', 'Holistic wellness brand', 'https://fosterflow.co.uk', '2025-12-20', 3, 1, now() - interval '2 months'),
  ('30000000-0000-4000-a000-000000000026', '10000000-0000-4000-a000-000000000026', 'business', 'tier_2', 'active', 'Collins Media Group', 'Digital media and content', 'https://collinsmedia.co.uk', '2025-10-15', 5, 1, now() - interval '4 months'),
  ('30000000-0000-4000-a000-000000000027', '10000000-0000-4000-a000-000000000027', 'individual', 'tier_1', 'pending', 'Morgan Fine Jewellery', 'Ethical fine jewellery', 'https://morganfinejewellery.com', '2026-02-05', 3, 0, now() - interval '11 days'),
  ('30000000-0000-4000-a000-000000000028', '10000000-0000-4000-a000-000000000028', 'business', 'tier_3', 'active', 'Edwards Property Partners', 'Commercial property investment', 'https://edwardsproperty.co.uk', '2025-05-01', 8, 3, now() - interval '9 months');

-- 3. MEMBER TAGS
INSERT INTO public.member_tags (member_id, tag_id) VALUES
  -- Emma Richardson: Property, Investment, Looking for Partners
  ('30000000-0000-4000-a000-000000000001', (SELECT id FROM tags WHERE name = 'Property')),
  ('30000000-0000-4000-a000-000000000001', (SELECT id FROM tags WHERE name = 'Investment')),
  ('30000000-0000-4000-a000-000000000001', (SELECT id FROM tags WHERE name = 'Looking for Partners')),
  -- Oliver Chen: Technology, Software, Digital Transformation
  ('30000000-0000-4000-a000-000000000002', (SELECT id FROM tags WHERE name = 'Technology')),
  ('30000000-0000-4000-a000-000000000002', (SELECT id FROM tags WHERE name = 'Software')),
  ('30000000-0000-4000-a000-000000000002', (SELECT id FROM tags WHERE name = 'Digital Transformation')),
  -- Sophia Patel: Jewellery, Retail, Brand Awareness
  ('30000000-0000-4000-a000-000000000003', (SELECT id FROM tags WHERE name = 'Jewellery')),
  ('30000000-0000-4000-a000-000000000003', (SELECT id FROM tags WHERE name = 'Retail')),
  ('30000000-0000-4000-a000-000000000003', (SELECT id FROM tags WHERE name = 'Brand Awareness')),
  -- James Whitfield: Legal, Finance
  ('30000000-0000-4000-a000-000000000004', (SELECT id FROM tags WHERE name = 'Legal')),
  ('30000000-0000-4000-a000-000000000004', (SELECT id FROM tags WHERE name = 'Finance')),
  -- Charlotte Brooks: Marketing, Brand Awareness, Digital Transformation
  ('30000000-0000-4000-a000-000000000005', (SELECT id FROM tags WHERE name = 'Marketing')),
  ('30000000-0000-4000-a000-000000000005', (SELECT id FROM tags WHERE name = 'Brand Awareness')),
  ('30000000-0000-4000-a000-000000000005', (SELECT id FROM tags WHERE name = 'Digital Transformation')),
  -- William Hart: Security, Technology
  ('30000000-0000-4000-a000-000000000006', (SELECT id FROM tags WHERE name = 'Security')),
  ('30000000-0000-4000-a000-000000000006', (SELECT id FROM tags WHERE name = 'Technology')),
  -- Amelia Thornton: Hospitality, Food & Drink, Luxury Travel
  ('30000000-0000-4000-a000-000000000007', (SELECT id FROM tags WHERE name = 'Hospitality')),
  ('30000000-0000-4000-a000-000000000007', (SELECT id FROM tags WHERE name = 'Food & Drink')),
  ('30000000-0000-4000-a000-000000000007', (SELECT id FROM tags WHERE name = 'Luxury Travel')),
  -- George Kingston: AI & Automation, Software, Technology
  ('30000000-0000-4000-a000-000000000008', (SELECT id FROM tags WHERE name = 'AI & Automation')),
  ('30000000-0000-4000-a000-000000000008', (SELECT id FROM tags WHERE name = 'Software')),
  ('30000000-0000-4000-a000-000000000008', (SELECT id FROM tags WHERE name = 'Technology')),
  -- Isabella Wright: Healthcare, Luxury Travel
  ('30000000-0000-4000-a000-000000000009', (SELECT id FROM tags WHERE name = 'Healthcare')),
  ('30000000-0000-4000-a000-000000000009', (SELECT id FROM tags WHERE name = 'Luxury Travel')),
  -- Harry Morrison: Construction, Property
  ('30000000-0000-4000-a000-000000000010', (SELECT id FROM tags WHERE name = 'Construction')),
  ('30000000-0000-4000-a000-000000000010', (SELECT id FROM tags WHERE name = 'Property')),
  -- Mia Cooper: Fashion, Retail, Brand Awareness
  ('30000000-0000-4000-a000-000000000011', (SELECT id FROM tags WHERE name = 'Fashion')),
  ('30000000-0000-4000-a000-000000000011', (SELECT id FROM tags WHERE name = 'Retail')),
  ('30000000-0000-4000-a000-000000000011', (SELECT id FROM tags WHERE name = 'Brand Awareness')),
  -- Alexander Reid: Investment, Finance, Looking for Investment
  ('30000000-0000-4000-a000-000000000012', (SELECT id FROM tags WHERE name = 'Investment')),
  ('30000000-0000-4000-a000-000000000012', (SELECT id FROM tags WHERE name = 'Finance')),
  ('30000000-0000-4000-a000-000000000012', (SELECT id FROM tags WHERE name = 'Looking for Investment')),
  -- Freya Marshall: Marketing, Digital Transformation, AI & Automation
  ('30000000-0000-4000-a000-000000000013', (SELECT id FROM tags WHERE name = 'Marketing')),
  ('30000000-0000-4000-a000-000000000013', (SELECT id FROM tags WHERE name = 'Digital Transformation')),
  ('30000000-0000-4000-a000-000000000013', (SELECT id FROM tags WHERE name = 'AI & Automation')),
  -- Benjamin Scott: Investment, Business Growth, Looking for Partners
  ('30000000-0000-4000-a000-000000000014', (SELECT id FROM tags WHERE name = 'Investment')),
  ('30000000-0000-4000-a000-000000000014', (SELECT id FROM tags WHERE name = 'Business Growth')),
  ('30000000-0000-4000-a000-000000000014', (SELECT id FROM tags WHERE name = 'Looking for Partners')),
  -- Lucy Evans: Luxury Travel, Hospitality
  ('30000000-0000-4000-a000-000000000015', (SELECT id FROM tags WHERE name = 'Luxury Travel')),
  ('30000000-0000-4000-a000-000000000015', (SELECT id FROM tags WHERE name = 'Hospitality')),
  -- Daniel Carter: Technology, AI & Automation
  ('30000000-0000-4000-a000-000000000016', (SELECT id FROM tags WHERE name = 'Technology')),
  ('30000000-0000-4000-a000-000000000016', (SELECT id FROM tags WHERE name = 'AI & Automation')),
  -- Grace Mitchell: Property, Fashion
  ('30000000-0000-4000-a000-000000000017', (SELECT id FROM tags WHERE name = 'Property')),
  ('30000000-0000-4000-a000-000000000017', (SELECT id FROM tags WHERE name = 'Fashion')),
  -- Thomas Walker: Finance, Legal, Investment
  ('30000000-0000-4000-a000-000000000018', (SELECT id FROM tags WHERE name = 'Finance')),
  ('30000000-0000-4000-a000-000000000018', (SELECT id FROM tags WHERE name = 'Legal')),
  ('30000000-0000-4000-a000-000000000018', (SELECT id FROM tags WHERE name = 'Investment')),
  -- Olivia Hughes: Marketing, Brand Awareness, Networking
  ('30000000-0000-4000-a000-000000000019', (SELECT id FROM tags WHERE name = 'Marketing')),
  ('30000000-0000-4000-a000-000000000019', (SELECT id FROM tags WHERE name = 'Brand Awareness')),
  ('30000000-0000-4000-a000-000000000019', (SELECT id FROM tags WHERE name = 'Networking')),
  -- Samuel Price: Property, Construction, Business Growth
  ('30000000-0000-4000-a000-000000000020', (SELECT id FROM tags WHERE name = 'Property')),
  ('30000000-0000-4000-a000-000000000020', (SELECT id FROM tags WHERE name = 'Construction')),
  ('30000000-0000-4000-a000-000000000020', (SELECT id FROM tags WHERE name = 'Business Growth')),
  -- Ellie Bennett: Food & Drink, Hospitality
  ('30000000-0000-4000-a000-000000000021', (SELECT id FROM tags WHERE name = 'Food & Drink')),
  ('30000000-0000-4000-a000-000000000021', (SELECT id FROM tags WHERE name = 'Hospitality')),
  -- Jack Turner: Retail, Business Growth
  ('30000000-0000-4000-a000-000000000022', (SELECT id FROM tags WHERE name = 'Retail')),
  ('30000000-0000-4000-a000-000000000022', (SELECT id FROM tags WHERE name = 'Business Growth')),
  -- Hannah Davies: Finance, Looking for Clients
  ('30000000-0000-4000-a000-000000000023', (SELECT id FROM tags WHERE name = 'Finance')),
  ('30000000-0000-4000-a000-000000000023', (SELECT id FROM tags WHERE name = 'Looking for Clients')),
  -- Oscar Phillips: Software, Technology, AI & Automation
  ('30000000-0000-4000-a000-000000000024', (SELECT id FROM tags WHERE name = 'Software')),
  ('30000000-0000-4000-a000-000000000024', (SELECT id FROM tags WHERE name = 'Technology')),
  ('30000000-0000-4000-a000-000000000024', (SELECT id FROM tags WHERE name = 'AI & Automation')),
  -- Ruby Foster: Healthcare, Luxury Travel, Sports
  ('30000000-0000-4000-a000-000000000025', (SELECT id FROM tags WHERE name = 'Healthcare')),
  ('30000000-0000-4000-a000-000000000025', (SELECT id FROM tags WHERE name = 'Luxury Travel')),
  ('30000000-0000-4000-a000-000000000025', (SELECT id FROM tags WHERE name = 'Sports')),
  -- Archie Collins: Marketing, AI & Automation
  ('30000000-0000-4000-a000-000000000026', (SELECT id FROM tags WHERE name = 'Marketing')),
  ('30000000-0000-4000-a000-000000000026', (SELECT id FROM tags WHERE name = 'AI & Automation')),
  -- Isla Morgan: Jewellery, Fashion
  ('30000000-0000-4000-a000-000000000027', (SELECT id FROM tags WHERE name = 'Jewellery')),
  ('30000000-0000-4000-a000-000000000027', (SELECT id FROM tags WHERE name = 'Fashion')),
  -- Liam Edwards: Property, Investment, Business Growth
  ('30000000-0000-4000-a000-000000000028', (SELECT id FROM tags WHERE name = 'Property')),
  ('30000000-0000-4000-a000-000000000028', (SELECT id FROM tags WHERE name = 'Investment')),
  ('30000000-0000-4000-a000-000000000028', (SELECT id FROM tags WHERE name = 'Business Growth'));

-- Also tag the existing demo member (James Wellington)
INSERT INTO public.member_tags (member_id, tag_id) VALUES
  ('9f8d76bd-ac40-4ef3-9a89-fb8b304bdf78', (SELECT id FROM tags WHERE name = 'Finance')),
  ('9f8d76bd-ac40-4ef3-9a89-fb8b304bdf78', (SELECT id FROM tags WHERE name = 'Investment')),
  ('9f8d76bd-ac40-4ef3-9a89-fb8b304bdf78', (SELECT id FROM tags WHERE name = 'Business Growth'));

-- 4. EVENTS
INSERT INTO public.events (id, title, slug, description, event_type, status, venue_name, venue_address, venue_city, venue_postcode, start_date, end_date, capacity, member_price_pence, guest_price_pence, cover_image_url, created_at) VALUES
  ('20000000-0000-4000-a000-000000000001', 'Soho Farmhouse — Beauty & Wellness', 'soho-farmhouse-beauty-wellness', 'An exclusive day of beauty treatments, wellness workshops, and networking at the iconic Soho Farmhouse. Includes spa access, a curated lunch, and an evening cocktail reception.', 'member_event', 'published', 'Soho Farmhouse', 'Great Tew, Chipping Norton', 'Oxfordshire', 'OX7 4JS', '2026-02-28 10:00:00+00', '2026-02-28 20:00:00+00', 40, 15000, 20000, null, now() - interval '3 weeks'),
  ('20000000-0000-4000-a000-000000000002', 'Dragons Den Pitch Night', 'dragons-den-pitch-night', 'An electrifying evening where ambitious founders pitch their ventures to a panel of seasoned investors. Followed by networking drinks and a private performance.', 'member_event', 'published', 'Co-op Live Bentley Record Room', 'Eastlands, Etihad Campus', 'Manchester', 'M11 3FF', '2026-03-15 18:00:00+00', '2026-03-15 23:00:00+00', 50, 20000, 25000, null, now() - interval '2 weeks'),
  ('20000000-0000-4000-a000-000000000003', 'International Womens Day Celebration', 'international-womens-day', 'A full-day celebration of women in business featuring keynote speakers, panel discussions, afternoon tea, and a gala dinner at the stunning Grantley Hall.', 'member_event', 'published', 'Grantley Hall', 'Ripon Road, Grantley', 'North Yorkshire', 'HG4 3ET', '2026-03-08 09:30:00+00', '2026-03-08 22:00:00+00', 60, 17500, 22500, null, now() - interval '4 weeks'),
  ('20000000-0000-4000-a000-000000000004', 'Founder Focus', 'founder-focus', 'An intimate gathering of founders sharing lessons learned, challenges overcome, and strategies for sustainable growth. Includes a private dining experience.', 'member_event', 'draft', 'Denton Reserve', 'Denton Road', 'Ilkley', 'LS29 0BQ', '2026-04-18 12:00:00+01', '2026-04-18 21:00:00+01', 30, 12500, 17500, null, now() - interval '5 days'),
  ('20000000-0000-4000-a000-000000000005', 'Brand & Influence', 'brand-and-influence', 'Explore the intersection of personal branding, social influence, and luxury marketing with top industry speakers at Manchester Art Gallery.', 'member_event', 'draft', 'Diecast / Manchester Art Gallery', 'Mosley Street', 'Manchester', 'M2 3JL', '2026-07-10 14:00:00+01', '2026-07-10 22:00:00+01', 40, 15000, 20000, null, now() - interval '3 days'),
  ('20000000-0000-4000-a000-000000000006', 'The Deal Table', 'the-deal-table', 'A high-level, invitation-only dinner where deals happen. Six curated tables of five, each designed for maximum business synergy. Hosted at the Lamborghini showroom.', 'member_event', 'draft', 'Lamborghini Manchester', 'Europa Way, Trafford Park', 'Manchester', 'M17 1HQ', '2026-09-20 19:00:00+01', '2026-09-20 23:30:00+01', 25, 35000, 45000, null, now() - interval '1 day'),
  ('20000000-0000-4000-a000-000000000007', 'Private Wine Tasting at Berry Bros & Rudd', 'berry-bros-wine-tasting', 'Journey through the cellars of Britain''s oldest wine merchant for an exclusive tasting of rare vintages, paired with artisan cheeses and charcuterie.', 'curated_luxury', 'published', 'Berry Bros & Rudd', '3 St James''s Street', 'London', 'SW1A 1EG', '2026-05-15 18:30:00+01', '2026-05-15 22:00:00+01', 20, 35000, 45000, null, now() - interval '1 week'),
  ('20000000-0000-4000-a000-000000000008', 'Art & Architecture Private Tour', 'art-architecture-private-tour', 'A curator-led private tour of landmark architecture and hidden art collections in London, finishing with dinner at a Michelin-starred restaurant.', 'curated_luxury', 'published', 'The Royal Academy of Arts', 'Burlington House, Piccadilly', 'London', 'W1J 0BD', '2026-06-12 10:00:00+01', '2026-06-12 21:00:00+01', 15, 27500, 35000, null, now() - interval '4 days'),
  ('20000000-0000-4000-a000-000000000009', 'Ibiza Business & Wellness Retreat', 'ibiza-business-wellness-retreat', 'Four days of curated business sessions, wellness activities, and luxury experiences on the White Isle. Includes villa accommodation, all meals, yacht day, and sunset networking dinners.', 'retreat', 'published', 'Atzaro Agroturismo', 'Carretera San Juan, km 15', 'Ibiza', '07840', '2026-08-06 14:00:00+02', '2026-08-09 12:00:00+02', 30, 250000, 300000, null, now() - interval '2 weeks');

-- 5. BOOKINGS (across published events — 34 for Soho, 18 for Dragons Den, 22 for IWD, plus some curated)
-- Soho Farmhouse bookings (34 confirmed)
INSERT INTO public.bookings (event_id, member_id, status, amount_pence, created_at) VALUES
  ('20000000-0000-4000-a000-000000000001', '30000000-0000-4000-a000-000000000001', 'confirmed', 15000, now() - interval '18 days'),
  ('20000000-0000-4000-a000-000000000001', '30000000-0000-4000-a000-000000000003', 'confirmed', 15000, now() - interval '17 days'),
  ('20000000-0000-4000-a000-000000000001', '30000000-0000-4000-a000-000000000005', 'confirmed', 15000, now() - interval '16 days'),
  ('20000000-0000-4000-a000-000000000001', '30000000-0000-4000-a000-000000000007', 'confirmed', 15000, now() - interval '15 days'),
  ('20000000-0000-4000-a000-000000000001', '30000000-0000-4000-a000-000000000009', 'confirmed', 15000, now() - interval '14 days'),
  ('20000000-0000-4000-a000-000000000001', '30000000-0000-4000-a000-000000000011', 'confirmed', 15000, now() - interval '13 days'),
  ('20000000-0000-4000-a000-000000000001', '30000000-0000-4000-a000-000000000013', 'confirmed', 15000, now() - interval '12 days'),
  ('20000000-0000-4000-a000-000000000001', '30000000-0000-4000-a000-000000000015', 'confirmed', 15000, now() - interval '11 days'),
  ('20000000-0000-4000-a000-000000000001', '30000000-0000-4000-a000-000000000017', 'confirmed', 15000, now() - interval '10 days'),
  ('20000000-0000-4000-a000-000000000001', '30000000-0000-4000-a000-000000000019', 'confirmed', 15000, now() - interval '9 days'),
  ('20000000-0000-4000-a000-000000000001', '30000000-0000-4000-a000-000000000021', 'confirmed', 15000, now() - interval '8 days'),
  ('20000000-0000-4000-a000-000000000001', '30000000-0000-4000-a000-000000000025', 'confirmed', 15000, now() - interval '7 days'),
  ('20000000-0000-4000-a000-000000000001', '30000000-0000-4000-a000-000000000027', 'confirmed', 15000, now() - interval '6 days');

-- Dragons Den bookings (18 confirmed)
INSERT INTO public.bookings (event_id, member_id, status, amount_pence, created_at) VALUES
  ('20000000-0000-4000-a000-000000000002', '30000000-0000-4000-a000-000000000002', 'confirmed', 20000, now() - interval '12 days'),
  ('20000000-0000-4000-a000-000000000002', '30000000-0000-4000-a000-000000000004', 'confirmed', 20000, now() - interval '11 days'),
  ('20000000-0000-4000-a000-000000000002', '30000000-0000-4000-a000-000000000006', 'confirmed', 20000, now() - interval '10 days'),
  ('20000000-0000-4000-a000-000000000002', '30000000-0000-4000-a000-000000000008', 'confirmed', 20000, now() - interval '9 days'),
  ('20000000-0000-4000-a000-000000000002', '30000000-0000-4000-a000-000000000010', 'confirmed', 20000, now() - interval '8 days'),
  ('20000000-0000-4000-a000-000000000002', '30000000-0000-4000-a000-000000000012', 'confirmed', 20000, now() - interval '7 days'),
  ('20000000-0000-4000-a000-000000000002', '30000000-0000-4000-a000-000000000014', 'confirmed', 20000, now() - interval '6 days'),
  ('20000000-0000-4000-a000-000000000002', '30000000-0000-4000-a000-000000000016', 'confirmed', 20000, now() - interval '5 days'),
  ('20000000-0000-4000-a000-000000000002', '30000000-0000-4000-a000-000000000018', 'confirmed', 20000, now() - interval '4 days'),
  ('20000000-0000-4000-a000-000000000002', '30000000-0000-4000-a000-000000000020', 'confirmed', 20000, now() - interval '3 days'),
  ('20000000-0000-4000-a000-000000000002', '30000000-0000-4000-a000-000000000022', 'confirmed', 20000, now() - interval '2 days'),
  ('20000000-0000-4000-a000-000000000002', '30000000-0000-4000-a000-000000000024', 'confirmed', 20000, now() - interval '1 day'),
  ('20000000-0000-4000-a000-000000000002', '30000000-0000-4000-a000-000000000026', 'confirmed', 20000, now() - interval '12 hours'),
  ('20000000-0000-4000-a000-000000000002', '30000000-0000-4000-a000-000000000028', 'confirmed', 20000, now() - interval '6 hours');

-- IWD bookings (22 confirmed, mix)
INSERT INTO public.bookings (event_id, member_id, status, amount_pence, created_at) VALUES
  ('20000000-0000-4000-a000-000000000003', '30000000-0000-4000-a000-000000000001', 'confirmed', 17500, now() - interval '20 days'),
  ('20000000-0000-4000-a000-000000000003', '30000000-0000-4000-a000-000000000003', 'confirmed', 17500, now() - interval '19 days'),
  ('20000000-0000-4000-a000-000000000003', '30000000-0000-4000-a000-000000000005', 'confirmed', 17500, now() - interval '18 days'),
  ('20000000-0000-4000-a000-000000000003', '30000000-0000-4000-a000-000000000007', 'confirmed', 17500, now() - interval '17 days'),
  ('20000000-0000-4000-a000-000000000003', '30000000-0000-4000-a000-000000000009', 'confirmed', 17500, now() - interval '16 days'),
  ('20000000-0000-4000-a000-000000000003', '30000000-0000-4000-a000-000000000011', 'confirmed', 17500, now() - interval '15 days'),
  ('20000000-0000-4000-a000-000000000003', '30000000-0000-4000-a000-000000000013', 'confirmed', 17500, now() - interval '14 days'),
  ('20000000-0000-4000-a000-000000000003', '30000000-0000-4000-a000-000000000015', 'confirmed', 17500, now() - interval '13 days'),
  ('20000000-0000-4000-a000-000000000003', '30000000-0000-4000-a000-000000000017', 'confirmed', 17500, now() - interval '12 days'),
  ('20000000-0000-4000-a000-000000000003', '30000000-0000-4000-a000-000000000019', 'confirmed', 17500, now() - interval '11 days'),
  ('20000000-0000-4000-a000-000000000003', '30000000-0000-4000-a000-000000000021', 'confirmed', 17500, now() - interval '10 days'),
  ('20000000-0000-4000-a000-000000000003', '30000000-0000-4000-a000-000000000025', 'confirmed', 17500, now() - interval '9 days'),
  ('20000000-0000-4000-a000-000000000003', '30000000-0000-4000-a000-000000000027', 'confirmed', 17500, now() - interval '8 days');

-- Curated events bookings
INSERT INTO public.bookings (event_id, member_id, status, amount_pence, created_at) VALUES
  ('20000000-0000-4000-a000-000000000007', '30000000-0000-4000-a000-000000000003', 'confirmed', 35000, now() - interval '5 days'),
  ('20000000-0000-4000-a000-000000000007', '30000000-0000-4000-a000-000000000007', 'confirmed', 35000, now() - interval '4 days'),
  ('20000000-0000-4000-a000-000000000007', '30000000-0000-4000-a000-000000000012', 'confirmed', 35000, now() - interval '3 days'),
  ('20000000-0000-4000-a000-000000000007', '30000000-0000-4000-a000-000000000018', 'confirmed', 35000, now() - interval '2 days'),
  ('20000000-0000-4000-a000-000000000008', '30000000-0000-4000-a000-000000000011', 'confirmed', 27500, now() - interval '3 days'),
  ('20000000-0000-4000-a000-000000000008', '30000000-0000-4000-a000-000000000017', 'confirmed', 27500, now() - interval '2 days'),
  -- Ibiza retreat bookings
  ('20000000-0000-4000-a000-000000000009', '30000000-0000-4000-a000-000000000007', 'confirmed', 250000, now() - interval '10 days'),
  ('20000000-0000-4000-a000-000000000009', '30000000-0000-4000-a000-000000000012', 'confirmed', 250000, now() - interval '9 days'),
  ('20000000-0000-4000-a000-000000000009', '30000000-0000-4000-a000-000000000015', 'confirmed', 250000, now() - interval '8 days'),
  ('20000000-0000-4000-a000-000000000009', '30000000-0000-4000-a000-000000000025', 'confirmed', 250000, now() - interval '7 days');

-- 6. INTRODUCTIONS (12 in various statuses, member_a_id < member_b_id enforced)
INSERT INTO public.introductions (member_a_id, member_b_id, status, match_score, match_reason, suggested_at, approved_at, approved_by, sent_at, accepted_at, outcome, business_converted, estimated_value_pence) VALUES
  -- Completed with business converted
  ('30000000-0000-4000-a000-000000000001', '30000000-0000-4000-a000-000000000010', 'completed', 0.72, 'Both in property and construction — Emma''s developments could use Morrison Build as contractor.', now() - interval '8 weeks', now() - interval '7 weeks', 'caca4030-4ede-4078-8295-6a682e61050e', now() - interval '6 weeks', now() - interval '5 weeks', 'Morrison Build won the contract for Emma''s new Harrogate development. Initial phase worth approximately 1.2M.', true, 120000000),
  -- Completed with business converted
  ('30000000-0000-4000-a000-000000000003', '30000000-0000-4000-a000-000000000011', 'completed', 0.65, 'Sophia''s jewellery brand could benefit from Mia''s fashion retail connections and brand exposure.', now() - interval '10 weeks', now() - interval '9 weeks', 'caca4030-4ede-4078-8295-6a682e61050e', now() - interval '8 weeks', now() - interval '7 weeks', 'Luxe Jewels now stocked in Cooper & Co flagship store. Successful trunk show generated 45K in first month.', true, 4500000),
  -- Completed, no conversion
  ('30000000-0000-4000-a000-000000000007', '30000000-0000-4000-a000-000000000015', 'completed', 0.78, 'Amelia''s hotels and Lucy''s travel curation are a natural partnership for luxury travel packages.', now() - interval '6 weeks', now() - interval '5 weeks', 'caca4030-4ede-4078-8295-6a682e61050e', now() - interval '4 weeks', now() - interval '3 weeks', 'Great initial meetings. Exploring a partnership for 2026 travel packages but not yet formalised.', false, null),
  -- Accepted
  ('30000000-0000-4000-a000-000000000002', '30000000-0000-4000-a000-000000000008', 'accepted', 0.85, 'Both in tech — Oliver''s SaaS expertise complements George''s AI tools. Potential integration partnership.', now() - interval '3 weeks', now() - interval '2 weeks', 'caca4030-4ede-4078-8295-6a682e61050e', now() - interval '10 days', now() - interval '5 days', null, false, null),
  -- Accepted
  ('30000000-0000-4000-a000-000000000005', '30000000-0000-4000-a000-000000000019', 'accepted', 0.70, 'Charlotte''s brand strategy and Olivia''s PR expertise — could collaborate on client projects.', now() - interval '2 weeks', now() - interval '10 days', 'caca4030-4ede-4078-8295-6a682e61050e', now() - interval '7 days', now() - interval '3 days', null, false, null),
  -- Accepted
  ('30000000-0000-4000-a000-000000000012', '30000000-0000-4000-a000-000000000014', 'accepted', 0.68, 'Alexander''s PE fund and Benjamin''s VC — could co-invest on mid-market deals.', now() - interval '2 weeks', now() - interval '9 days', 'caca4030-4ede-4078-8295-6a682e61050e', now() - interval '5 days', now() - interval '2 days', null, false, null),
  -- Sent
  ('30000000-0000-4000-a000-000000000004', '30000000-0000-4000-a000-000000000018', 'sent', 0.82, 'Both in finance and legal — James could handle Thomas''s corporate law needs and vice versa for client referrals.', now() - interval '10 days', now() - interval '8 days', 'caca4030-4ede-4078-8295-6a682e61050e', now() - interval '5 days', null, null, false, null),
  -- Sent
  ('30000000-0000-4000-a000-000000000013', '30000000-0000-4000-a000-000000000026', 'sent', 0.75, 'Freya''s digital marketing and Archie''s media production — strong collaboration potential on campaign delivery.', now() - interval '8 days', now() - interval '6 days', 'caca4030-4ede-4078-8295-6a682e61050e', now() - interval '3 days', null, null, false, null),
  -- Approved
  ('30000000-0000-4000-a000-000000000006', '30000000-0000-4000-a000-000000000016', 'approved', 0.60, 'William''s security firm could provide solutions for Daniel''s warehouse robotics clients.', now() - interval '5 days', now() - interval '3 days', 'caca4030-4ede-4078-8295-6a682e61050e', null, null, null, false, null),
  -- Approved
  ('30000000-0000-4000-a000-000000000009', '30000000-0000-4000-a000-000000000025', 'approved', 0.80, 'Isabella''s wellness clinics and Ruby''s wellness brand — potential collaboration on corporate wellness programmes.', now() - interval '4 days', now() - interval '2 days', 'caca4030-4ede-4078-8295-6a682e61050e', null, null, null, false, null),
  -- Suggested
  ('30000000-0000-4000-a000-000000000020', '30000000-0000-4000-a000-000000000028', 'suggested', 0.73, 'Both in property — Samuel''s development focus and Liam''s investment portfolio could align on joint ventures.', now() - interval '2 days', null, null, null, null, null, false, null),
  -- Suggested
  ('30000000-0000-4000-a000-000000000017', '30000000-0000-4000-a000-000000000027', 'suggested', 0.55, 'Grace''s interior design and Isla''s jewellery — could collaborate on luxury lifestyle pop-ups and showcases.', now() - interval '1 day', null, null, null, null, null, false, null);

-- 7. PAYMENTS (membership fees and event payments)
INSERT INTO public.payments (member_id, payment_type, amount_pence, currency, status, payment_method, due_date, paid_at, description, created_at) VALUES
  -- Membership payments (quarterly)
  ('30000000-0000-4000-a000-000000000001', 'membership', 75000, 'GBP', 'paid', 'stripe', '2026-01-15', now() - interval '4 weeks', 'Q1 2026 Membership — Tier 2 Business', now() - interval '5 weeks'),
  ('30000000-0000-4000-a000-000000000003', 'membership', 150000, 'GBP', 'paid', 'stripe', '2026-01-15', now() - interval '4 weeks', 'Q1 2026 Membership — Tier 3 Business', now() - interval '5 weeks'),
  ('30000000-0000-4000-a000-000000000007', 'membership', 150000, 'GBP', 'paid', 'gocardless', '2026-01-15', now() - interval '4 weeks', 'Q1 2026 Membership — Tier 3 Business', now() - interval '5 weeks'),
  ('30000000-0000-4000-a000-000000000012', 'membership', 150000, 'GBP', 'paid', 'stripe', '2026-01-15', now() - interval '3 weeks', 'Q1 2026 Membership — Tier 3 Business', now() - interval '5 weeks'),
  ('30000000-0000-4000-a000-000000000018', 'membership', 150000, 'GBP', 'paid', 'invoice', '2026-01-15', now() - interval '3 weeks', 'Q1 2026 Membership — Tier 3 Business', now() - interval '5 weeks'),
  ('30000000-0000-4000-a000-000000000028', 'membership', 150000, 'GBP', 'paid', 'stripe', '2026-01-15', now() - interval '4 weeks', 'Q1 2026 Membership — Tier 3 Business', now() - interval '5 weeks'),
  ('30000000-0000-4000-a000-000000000002', 'membership', 37500, 'GBP', 'paid', 'stripe', '2026-01-15', now() - interval '4 weeks', 'Q1 2026 Membership — Tier 1 Individual', now() - interval '5 weeks'),
  ('30000000-0000-4000-a000-000000000005', 'membership', 37500, 'GBP', 'paid', 'stripe', '2026-01-15', now() - interval '3 weeks', 'Q1 2026 Membership — Tier 1 Individual', now() - interval '5 weeks'),
  ('30000000-0000-4000-a000-000000000008', 'membership', 37500, 'GBP', 'paid', 'stripe', '2026-01-15', now() - interval '4 weeks', 'Q1 2026 Membership — Tier 1 Individual', now() - interval '5 weeks'),
  ('30000000-0000-4000-a000-000000000014', 'membership', 75000, 'GBP', 'paid', 'gocardless', '2026-01-15', now() - interval '3 weeks', 'Q1 2026 Membership — Tier 2 Individual', now() - interval '5 weeks'),
  -- Event payments
  ('30000000-0000-4000-a000-000000000001', 'event', 15000, 'GBP', 'paid', 'stripe', null, now() - interval '18 days', 'Soho Farmhouse — Beauty & Wellness', now() - interval '18 days'),
  ('30000000-0000-4000-a000-000000000003', 'event', 15000, 'GBP', 'paid', 'stripe', null, now() - interval '17 days', 'Soho Farmhouse — Beauty & Wellness', now() - interval '17 days'),
  ('30000000-0000-4000-a000-000000000002', 'event', 20000, 'GBP', 'paid', 'stripe', null, now() - interval '12 days', 'Dragons Den Pitch Night', now() - interval '12 days'),
  ('30000000-0000-4000-a000-000000000004', 'event', 20000, 'GBP', 'paid', 'stripe', null, now() - interval '11 days', 'Dragons Den Pitch Night', now() - interval '11 days'),
  ('30000000-0000-4000-a000-000000000007', 'event', 250000, 'GBP', 'paid', 'stripe', null, now() - interval '10 days', 'Ibiza Business & Wellness Retreat', now() - interval '10 days'),
  ('30000000-0000-4000-a000-000000000012', 'event', 250000, 'GBP', 'paid', 'stripe', null, now() - interval '9 days', 'Ibiza Business & Wellness Retreat', now() - interval '9 days'),
  -- Pending payments
  ('30000000-0000-4000-a000-000000000004', 'membership', 75000, 'GBP', 'pending', 'invoice', '2026-02-28', null, 'Q1 2026 Membership — Tier 2 Business (overdue)', now() - interval '3 weeks'),
  ('30000000-0000-4000-a000-000000000006', 'membership', 75000, 'GBP', 'pending', 'gocardless', '2026-03-01', null, 'Q1 2026 Membership — Tier 2 Business', now() - interval '2 weeks');
